gender,race/ethnicity,parental level of education,lunch,math score,reading score,writing score,total score,test preparation course,admission prospect
female,group B,bachelor's degree,standard,72,72,74,218,none,medium
female,group C,some college,standard,69,90,88,247,completed,high
female,group B,master's degree,standard,90,95,93,278,none,high
male,group A,associate's degree,free/reduced,47,57,44,148,none,low
male,group C,some college,standard,76,78,75,229,none,high
female,group B,associate's degree,standard,71,83,78,232,none,high
female,group B,some college,standard,88,95,92,275,completed,high
male,group B,some college,free/reduced,40,43,39,122,none,low
male,group D,high school,free/reduced,64,64,67,195,completed,medium
female,group B,high school,free/reduced,38,60,50,148,none,low
male,group C,associate's degree,standard,58,54,52,164,none,medium
male,group D,associate's degree,standard,40,52,43,135,none,low
female,group B,high school,standard,65,81,73,219,none,medium
male,group A,some college,standard,78,72,70,220,completed,medium
female,group A,master's degree,standard,50,53,58,161,none,medium
female,group C,some high school,standard,69,75,78,222,none,high
male,group C,high school,standard,88,89,86,263,none,high
female,group B,some high school,free/reduced,18,32,28,78,none,low
male,group C,master's degree,free/reduced,46,42,46,134,completed,low
female,group C,associate's degree,free/reduced,54,58,61,173,none,medium
male,group D,high school,standard,66,69,63,198,none,medium
female,group B,some college,free/reduced,65,75,70,210,completed,medium
male,group D,some college,standard,44,54,53,151,none,low
female,group C,some high school,standard,69,73,73,215,none,medium
male,group D,bachelor's degree,free/reduced,74,71,80,225,completed,high
male,group A,master's degree,free/reduced,73,74,72,219,none,medium
male,group B,some college,standard,69,54,55,178,none,medium
female,group C,bachelor's degree,standard,67,69,75,211,none,medium
male,group C,high school,standard,70,70,65,205,none,medium
female,group D,master's degree,standard,62,70,75,207,none,medium
female,group D,some college,standard,69,74,74,217,none,medium
female,group B,some college,standard,63,65,61,189,none,medium
female,group E,master's degree,free/reduced,56,72,65,193,none,medium
male,group D,some college,standard,40,42,38,120,none,low
male,group E,some college,standard,97,87,82,266,none,high
male,group E,associate's degree,standard,81,81,79,241,completed,high
female,group D,associate's degree,standard,74,81,83,238,none,high
female,group D,some high school,free/reduced,50,64,59,173,none,medium
female,group D,associate's degree,free/reduced,75,90,88,253,completed,high
male,group B,associate's degree,free/reduced,57,56,57,170,none,medium
male,group C,associate's degree,free/reduced,55,61,54,170,none,medium
female,group C,associate's degree,standard,58,73,68,199,none,medium
female,group B,associate's degree,standard,53,58,65,176,none,medium
male,group B,some college,free/reduced,59,65,66,190,completed,medium
female,group E,associate's degree,free/reduced,50,56,54,160,none,low
male,group B,associate's degree,standard,65,54,57,176,none,medium
female,group A,associate's degree,standard,55,65,62,182,completed,medium
female,group C,high school,standard,66,71,76,213,none,medium
female,group D,associate's degree,free/reduced,57,74,76,207,completed,medium
male,group C,high school,standard,82,84,82,248,completed,high
male,group E,some college,standard,53,55,48,156,none,low
male,group E,associate's degree,free/reduced,77,69,68,214,completed,medium
male,group C,some college,standard,53,44,42,139,none,low
male,group D,high school,standard,88,78,75,241,none,high
female,group C,some high school,free/reduced,71,84,87,242,completed,high
female,group C,high school,free/reduced,33,41,43,117,none,low
female,group E,associate's degree,standard,82,85,86,253,completed,high
male,group D,associate's degree,standard,52,55,49,156,none,low
male,group D,some college,standard,58,59,58,175,completed,medium
female,group C,some high school,free/reduced,0,17,10,27,none,low
male,group E,bachelor's degree,free/reduced,79,74,72,225,completed,high
male,group A,some high school,free/reduced,39,39,34,112,none,low
male,group A,associate's degree,free/reduced,62,61,55,178,none,medium
female,group C,associate's degree,standard,69,80,71,220,none,medium
female,group D,some high school,standard,59,58,59,176,none,medium
male,group B,some high school,standard,67,64,61,192,none,medium
male,group D,some high school,free/reduced,45,37,37,119,none,low
female,group C,some college,standard,60,72,74,206,none,medium
male,group B,associate's degree,free/reduced,61,58,56,175,none,medium
female,group C,associate's degree,standard,39,64,57,160,none,low
female,group D,some college,free/reduced,58,63,73,194,completed,medium
male,group D,some college,standard,63,55,63,181,completed,medium
female,group A,associate's degree,free/reduced,41,51,48,140,none,low
male,group C,some high school,free/reduced,61,57,56,174,none,medium
male,group C,some high school,standard,49,49,41,139,none,low
male,group B,associate's degree,free/reduced,44,41,38,123,none,low
male,group E,some high school,standard,30,26,22,78,none,low
male,group A,bachelor's degree,standard,80,78,81,239,completed,high
female,group D,some high school,standard,61,74,72,207,completed,medium
female,group E,master's degree,standard,62,68,68,198,none,medium
female,group B,associate's degree,standard,47,49,50,146,none,low
male,group B,high school,free/reduced,49,45,45,139,none,low
male,group A,some college,free/reduced,50,47,54,151,completed,low
male,group E,associate's degree,standard,72,64,63,199,none,medium
male,group D,high school,free/reduced,42,39,34,115,none,low
female,group C,some college,standard,73,80,82,235,none,high
female,group C,some college,free/reduced,76,83,88,247,none,high
female,group D,associate's degree,standard,71,71,74,216,none,medium
female,group A,some college,standard,58,70,67,195,none,medium
female,group D,some high school,standard,73,86,82,241,none,high
female,group C,bachelor's degree,standard,65,72,74,211,none,medium
male,group C,high school,free/reduced,27,34,36,97,none,low
male,group C,high school,standard,71,79,71,221,none,high
male,group C,associate's degree,free/reduced,43,45,50,138,completed,low
female,group B,some college,standard,79,86,92,257,none,high
male,group C,associate's degree,free/reduced,78,81,82,241,completed,high
male,group B,some high school,standard,65,66,62,193,completed,medium
female,group E,some college,standard,63,72,70,205,completed,medium
female,group D,some college,free/reduced,58,67,62,187,none,medium
female,group D,bachelor's degree,standard,65,67,62,194,none,medium
male,group B,some college,standard,79,67,67,213,none,medium
male,group D,bachelor's degree,standard,68,74,74,216,completed,medium
female,group D,associate's degree,standard,85,91,89,265,none,high
male,group B,high school,standard,60,44,47,151,completed,low
male,group C,some college,standard,98,86,90,274,completed,high
female,group C,some college,standard,58,67,72,197,none,medium
female,group D,master's degree,standard,87,100,100,287,none,high
male,group E,associate's degree,standard,66,63,64,193,completed,medium
female,group B,associate's degree,free/reduced,52,76,70,198,none,medium
female,group B,some high school,standard,70,64,72,206,none,medium
female,group D,associate's degree,free/reduced,77,89,98,264,completed,high
male,group C,high school,standard,62,55,49,166,none,medium
male,group A,associate's degree,standard,54,53,47,154,none,low
female,group D,some college,standard,51,58,54,163,none,medium
female,group E,bachelor's degree,standard,99,100,100,299,completed,high
male,group C,high school,standard,84,77,74,235,none,high
female,group B,bachelor's degree,free/reduced,75,85,82,242,none,high
female,group D,bachelor's degree,standard,78,82,79,239,none,high
female,group D,some high school,standard,51,63,61,175,none,medium
female,group C,some college,standard,55,69,65,189,none,medium
female,group C,bachelor's degree,standard,79,92,89,260,completed,high
male,group B,associate's degree,standard,91,89,92,272,completed,high
female,group C,some college,standard,88,93,93,274,completed,high
male,group D,high school,free/reduced,63,57,56,176,none,medium
male,group E,some college,standard,83,80,73,236,none,high
female,group B,high school,standard,87,95,86,268,none,high
male,group B,some high school,standard,72,68,67,207,none,medium
male,group D,some college,standard,65,77,74,216,completed,medium
male,group D,master's degree,standard,82,82,74,238,none,high
female,group A,bachelor's degree,standard,51,49,51,151,none,low
male,group D,master's degree,standard,89,84,82,255,none,high
male,group C,some high school,free/reduced,53,37,40,130,completed,low
male,group E,some college,free/reduced,87,74,70,231,completed,high
female,group C,some college,standard,75,81,84,240,completed,high
male,group D,bachelor's degree,free/reduced,74,79,75,228,completed,high
male,group C,bachelor's degree,standard,58,55,48,161,none,medium
male,group B,some high school,standard,51,54,41,146,completed,low
male,group E,high school,standard,70,55,56,181,none,medium
female,group C,associate's degree,standard,59,66,67,192,none,medium
male,group D,some college,standard,71,61,69,201,completed,medium
female,group D,some high school,standard,76,72,71,219,none,medium
female,group C,some college,free/reduced,59,62,64,185,none,medium
female,group E,some college,free/reduced,42,55,54,151,completed,low
male,group A,high school,standard,57,43,47,147,none,low
male,group D,some college,standard,88,73,78,239,none,high
female,group C,some college,free/reduced,22,39,33,94,none,low
male,group B,some high school,standard,88,84,75,247,none,high
male,group C,associate's degree,free/reduced,73,68,66,207,none,medium
female,group D,bachelor's degree,standard,68,75,81,224,completed,high
male,group E,associate's degree,free/reduced,100,100,93,293,completed,high
male,group A,some high school,standard,62,67,69,198,completed,medium
male,group A,bachelor's degree,standard,77,67,68,212,none,medium
female,group B,associate's degree,standard,59,70,66,195,completed,medium
male,group D,bachelor's degree,standard,54,49,47,150,none,low
male,group D,some high school,standard,62,67,61,190,none,medium
female,group C,some college,standard,70,89,88,247,completed,high
female,group E,high school,free/reduced,66,74,78,218,completed,medium
male,group B,some college,free/reduced,60,60,60,180,none,medium
female,group B,associate's degree,standard,61,86,87,234,completed,high
male,group D,associate's degree,free/reduced,66,62,64,192,none,medium
male,group B,associate's degree,free/reduced,82,78,74,234,completed,high
female,group E,some college,free/reduced,75,88,85,248,completed,high
male,group B,master's degree,free/reduced,49,53,52,154,none,low
male,group C,high school,standard,52,53,49,154,none,low
female,group E,master's degree,standard,81,92,91,264,none,high
female,group C,bachelor's degree,standard,96,100,100,296,completed,high
male,group C,high school,free/reduced,53,51,51,155,completed,low
female,group B,master's degree,free/reduced,58,76,78,212,completed,medium
female,group B,high school,standard,68,83,78,229,completed,high
female,group C,some college,free/reduced,67,75,70,212,completed,medium
male,group A,high school,standard,72,73,74,219,completed,medium
male,group E,some high school,standard,94,88,78,260,none,high
female,group D,some college,standard,79,86,81,246,none,high
female,group C,associate's degree,standard,63,67,70,200,none,medium
female,group C,bachelor's degree,free/reduced,43,51,54,148,completed,low
female,group C,master's degree,standard,81,91,87,259,completed,high
female,group B,high school,free/reduced,46,54,58,158,completed,low
female,group C,associate's degree,standard,71,77,77,225,completed,high
female,group B,master's degree,free/reduced,52,70,62,184,completed,medium
female,group D,some high school,standard,97,100,100,297,completed,high
male,group C,master's degree,free/reduced,62,68,75,205,completed,medium
female,group C,some college,free/reduced,46,64,66,176,none,medium
female,group E,high school,standard,50,50,47,147,none,low
female,group D,associate's degree,standard,65,69,70,204,none,medium
male,group C,some high school,free/reduced,45,52,49,146,completed,low
male,group C,associate's degree,free/reduced,65,67,65,197,completed,medium
male,group E,high school,standard,80,76,65,221,none,high
male,group D,some high school,standard,62,66,68,196,completed,medium
male,group B,some high school,free/reduced,48,52,45,145,none,low
female,group C,bachelor's degree,standard,77,88,87,252,none,high
female,group E,associate's degree,standard,66,65,69,200,none,medium
male,group D,some college,standard,76,83,79,238,completed,high
female,group B,some high school,standard,62,64,66,192,none,medium
male,group D,some college,standard,77,62,62,201,completed,medium
female,group C,master's degree,standard,69,84,85,238,completed,high
male,group D,associate's degree,standard,61,55,52,168,none,medium
male,group C,some high school,free/reduced,59,69,65,193,completed,medium
male,group E,high school,free/reduced,55,56,51,162,none,medium
female,group B,some college,free/reduced,45,53,55,153,none,low
female,group B,bachelor's degree,free/reduced,78,79,76,233,none,high
female,group C,associate's degree,standard,67,84,86,237,completed,high
female,group D,some college,free/reduced,65,81,77,223,none,high
male,group C,associate's degree,standard,69,77,69,215,none,medium
female,group B,associate's degree,standard,57,69,68,194,none,medium
male,group C,some college,standard,59,41,42,142,none,low
male,group D,some high school,standard,74,71,78,223,completed,high
male,group E,bachelor's degree,standard,82,62,62,206,none,medium
male,group E,high school,standard,81,80,76,237,completed,high
female,group B,some college,free/reduced,74,81,76,231,none,high
female,group B,some college,free/reduced,58,61,66,185,none,medium
male,group D,some high school,free/reduced,80,79,79,238,completed,high
male,group C,some college,free/reduced,35,28,27,90,none,low
female,group C,high school,free/reduced,42,62,60,164,none,medium
male,group C,associate's degree,free/reduced,60,51,56,167,completed,medium
male,group E,high school,standard,87,91,81,259,completed,high
male,group B,some high school,standard,84,83,75,242,completed,high
female,group E,associate's degree,free/reduced,83,86,88,257,completed,high
female,group C,high school,free/reduced,34,42,39,115,none,low
male,group B,high school,free/reduced,66,77,70,213,none,medium
male,group B,some high school,standard,61,56,56,173,completed,medium
female,group D,high school,standard,56,68,74,198,completed,medium
male,group B,associate's degree,standard,87,85,73,245,none,high
female,group C,some high school,free/reduced,55,65,62,182,none,medium
male,group D,some high school,standard,86,80,75,241,none,high
female,group B,associate's degree,standard,52,66,73,191,completed,medium
female,group E,master's degree,free/reduced,45,56,54,155,none,low
female,group C,some college,standard,72,72,71,215,none,medium
male,group D,high school,standard,57,50,54,161,none,medium
male,group A,some high school,free/reduced,68,72,64,204,none,medium
female,group C,some college,standard,88,95,94,277,completed,high
male,group D,some college,standard,76,64,66,206,none,medium
male,group C,associate's degree,standard,46,43,42,131,none,low
female,group B,bachelor's degree,standard,67,86,83,236,none,high
male,group E,some high school,standard,92,87,78,257,none,high
male,group C,bachelor's degree,standard,83,82,84,249,completed,high
male,group D,associate's degree,standard,80,75,77,232,none,high
male,group D,bachelor's degree,free/reduced,63,66,67,196,none,medium
female,group D,some high school,standard,64,60,74,198,completed,medium
male,group B,some college,standard,54,52,51,157,none,low
male,group C,associate's degree,standard,84,80,80,244,none,high
male,group D,high school,free/reduced,73,68,66,207,completed,medium
female,group E,bachelor's degree,standard,80,83,83,246,none,high
female,group D,high school,standard,56,52,55,163,none,medium
male,group E,some college,standard,59,51,43,153,none,low
male,group D,some high school,standard,75,74,69,218,none,medium
male,group C,associate's degree,standard,85,76,71,232,none,high
male,group E,associate's degree,standard,89,76,74,239,none,high
female,group B,high school,standard,58,70,68,196,completed,medium
female,group B,high school,standard,65,64,62,191,none,medium
male,group C,high school,standard,68,60,53,181,none,medium
male,group A,some high school,standard,47,49,49,145,completed,low
female,group D,some college,free/reduced,71,83,83,237,none,high
female,group B,some high school,standard,60,70,70,200,completed,medium
male,group D,master's degree,standard,80,80,72,232,none,high
male,group D,high school,standard,54,52,52,158,none,low
female,group E,some college,standard,62,73,70,205,none,medium
female,group C,associate's degree,free/reduced,64,73,68,205,none,medium
male,group C,associate's degree,standard,78,77,77,232,completed,high
female,group B,some college,standard,70,75,78,223,none,high
female,group C,master's degree,free/reduced,65,81,81,227,completed,high
female,group C,some high school,free/reduced,64,79,77,220,completed,medium
male,group C,some college,standard,79,79,78,236,completed,high
female,group C,some high school,free/reduced,44,50,51,145,none,low
female,group E,high school,standard,99,93,90,282,none,high
male,group D,high school,standard,76,73,68,217,none,medium
male,group D,some high school,free/reduced,59,42,41,142,none,low
female,group C,bachelor's degree,standard,63,75,81,219,none,medium
female,group D,high school,standard,69,72,77,218,none,medium
female,group D,associate's degree,standard,88,92,95,275,completed,high
female,group E,some college,free/reduced,71,76,70,217,none,medium
male,group C,bachelor's degree,standard,69,63,61,193,none,medium
male,group C,some college,standard,58,49,42,149,none,low
female,group D,associate's degree,free/reduced,47,53,58,158,none,low
female,group D,some college,standard,65,70,71,206,none,medium
male,group B,some college,standard,88,85,76,249,completed,high
male,group C,bachelor's degree,standard,83,78,73,234,none,high
female,group C,some high school,standard,85,92,93,270,completed,high
female,group E,high school,standard,59,63,75,197,completed,medium
female,group C,some high school,free/reduced,65,86,80,231,none,high
male,group B,bachelor's degree,free/reduced,73,56,57,186,none,medium
male,group D,high school,standard,53,52,42,147,none,low
male,group D,high school,standard,45,48,46,139,none,low
female,group D,bachelor's degree,free/reduced,73,79,84,236,none,high
female,group D,some college,free/reduced,70,78,78,226,completed,high
female,group B,some high school,standard,37,46,46,129,none,low
male,group B,associate's degree,standard,81,82,82,245,completed,high
male,group E,associate's degree,standard,97,82,88,267,completed,high
female,group B,some high school,standard,67,89,82,238,none,high
male,group B,bachelor's degree,free/reduced,88,75,76,239,none,high
male,group E,some high school,standard,77,76,77,230,completed,high
male,group C,associate's degree,standard,76,70,68,214,none,medium
male,group D,some high school,standard,86,73,70,229,none,high
male,group C,some high school,standard,63,60,57,180,completed,medium
female,group E,bachelor's degree,standard,65,73,75,213,none,medium
male,group D,high school,free/reduced,78,77,80,235,completed,high
male,group B,associate's degree,free/reduced,67,62,60,189,none,medium
male,group A,some high school,standard,46,41,43,130,completed,low
male,group E,associate's degree,standard,71,74,68,213,completed,medium
male,group C,high school,free/reduced,40,46,50,136,completed,low
male,group D,associate's degree,free/reduced,90,87,75,252,none,high
male,group A,some college,free/reduced,81,78,81,240,completed,high
male,group D,some high school,free/reduced,56,54,52,162,none,medium
female,group C,associate's degree,standard,67,84,81,232,completed,high
male,group B,associate's degree,standard,80,76,64,220,none,medium
female,group C,associate's degree,standard,74,75,83,232,completed,high
male,group A,some college,standard,69,67,69,205,none,medium
male,group E,some college,standard,99,87,81,267,completed,high
male,group C,some high school,standard,51,52,44,147,none,low
female,group B,associate's degree,free/reduced,53,71,67,191,none,medium
female,group D,high school,free/reduced,49,57,52,158,none,low
female,group B,associate's degree,standard,73,76,80,229,none,high
male,group B,bachelor's degree,standard,66,60,57,183,none,medium
male,group D,bachelor's degree,standard,67,61,68,196,completed,medium
female,group C,associate's degree,free/reduced,68,67,69,204,completed,medium
female,group C,bachelor's degree,standard,59,64,75,198,completed,medium
male,group C,high school,standard,71,66,65,202,none,medium
female,group D,master's degree,standard,77,82,91,250,completed,high
male,group C,associate's degree,standard,83,72,78,233,none,high
male,group B,bachelor's degree,standard,63,71,69,203,none,medium
female,group D,associate's degree,free/reduced,56,65,63,184,none,medium
female,group C,high school,free/reduced,67,79,84,230,completed,high
female,group E,high school,standard,75,86,79,240,none,high
female,group C,some college,standard,71,81,80,232,none,high
female,group C,some high school,free/reduced,43,53,53,149,none,low
female,group C,high school,free/reduced,41,46,43,130,none,low
female,group C,some college,standard,82,90,94,266,none,high
male,group C,some college,standard,61,61,62,184,none,medium
male,group A,some college,free/reduced,28,23,19,70,none,low
male,group C,associate's degree,standard,82,75,77,234,completed,high
female,group B,some high school,standard,41,55,51,147,none,low
male,group C,high school,standard,71,60,61,192,none,medium
male,group C,associate's degree,standard,47,37,35,119,none,low
male,group E,associate's degree,standard,62,56,53,171,completed,medium
male,group B,associate's degree,standard,90,78,81,249,none,high
female,group C,bachelor's degree,standard,83,93,95,271,none,high
female,group B,some college,free/reduced,61,68,66,195,none,medium
male,group D,some high school,standard,76,70,69,215,completed,medium
male,group C,associate's degree,standard,49,51,43,143,none,low
female,group B,some high school,free/reduced,24,38,27,89,none,low
female,group D,some high school,free/reduced,35,55,60,150,completed,low
male,group C,high school,free/reduced,58,61,52,171,none,medium
female,group C,high school,standard,61,73,63,197,none,medium
female,group B,high school,standard,69,76,74,219,completed,medium
male,group D,associate's degree,standard,67,72,67,206,completed,medium
male,group D,some college,standard,79,73,67,219,none,medium
female,group C,high school,standard,72,80,75,227,none,high
male,group B,some college,standard,62,61,57,180,none,medium
female,group C,bachelor's degree,standard,77,94,95,266,completed,high
male,group D,high school,free/reduced,75,74,66,215,none,medium
male,group E,associate's degree,standard,87,74,76,237,none,high
female,group B,bachelor's degree,standard,52,65,69,186,none,medium
male,group E,some college,standard,66,57,52,175,none,medium
female,group C,some college,standard,63,78,80,221,completed,high
female,group C,associate's degree,standard,46,58,57,161,none,medium
female,group C,some college,standard,59,71,70,200,none,medium
female,group B,bachelor's degree,standard,61,72,70,203,none,medium
male,group A,associate's degree,standard,63,61,61,185,none,medium
female,group C,some college,free/reduced,42,66,69,177,completed,medium
male,group D,some college,free/reduced,59,62,61,182,none,medium
female,group D,some college,standard,80,90,89,259,none,high
female,group B,high school,standard,58,62,59,179,none,medium
male,group B,some high school,standard,85,84,78,247,completed,high
female,group C,some college,standard,52,58,58,168,none,medium
female,group D,some high school,free/reduced,27,34,32,93,none,low
male,group C,some college,standard,59,60,58,177,none,medium
male,group A,bachelor's degree,free/reduced,49,58,60,167,completed,medium
male,group C,high school,standard,69,58,53,180,completed,medium
male,group C,bachelor's degree,free/reduced,61,66,61,188,none,medium
female,group A,some high school,free/reduced,44,64,58,166,none,medium
female,group D,some high school,standard,73,84,85,242,none,high
male,group E,some college,standard,84,77,71,232,none,high
female,group C,some college,free/reduced,45,73,70,188,completed,medium
male,group D,some high school,standard,74,74,72,220,none,medium
female,group D,some college,standard,82,97,96,275,completed,high
female,group D,bachelor's degree,standard,59,70,73,202,none,medium
male,group E,associate's degree,free/reduced,46,43,41,130,none,low
female,group D,some high school,standard,80,90,82,252,none,high
female,group D,master's degree,free/reduced,85,95,100,280,completed,high
female,group A,some high school,standard,71,83,77,231,none,high
male,group A,bachelor's degree,standard,66,64,62,192,none,medium
female,group B,associate's degree,standard,80,86,83,249,none,high
male,group C,associate's degree,standard,87,100,95,282,completed,high
male,group C,master's degree,free/reduced,79,81,71,231,none,high
female,group E,some high school,free/reduced,38,49,45,132,none,low
female,group A,some high school,free/reduced,38,43,43,124,none,low
female,group E,some college,standard,67,76,75,218,none,medium
female,group E,bachelor's degree,standard,64,73,70,207,none,medium
female,group C,associate's degree,free/reduced,57,78,67,202,none,medium
female,group D,high school,standard,62,64,64,190,none,medium
male,group D,master's degree,standard,73,70,75,218,none,medium
male,group E,some high school,free/reduced,73,67,59,199,completed,medium
female,group D,some college,standard,77,68,77,222,none,high
male,group E,some college,standard,76,67,67,210,none,medium
male,group C,associate's degree,standard,57,54,56,167,completed,medium
female,group C,some high school,standard,65,74,77,216,completed,medium
male,group A,high school,free/reduced,48,45,41,134,none,low
female,group B,high school,free/reduced,50,67,63,180,none,medium
female,group C,associate's degree,standard,85,89,95,269,none,high
male,group B,some high school,standard,74,63,57,194,none,medium
male,group D,some high school,standard,60,59,54,173,none,medium
female,group C,some high school,standard,59,54,67,180,completed,medium
male,group A,some college,standard,53,43,43,139,none,low
female,group A,some college,free/reduced,49,65,55,169,none,medium
female,group D,high school,standard,88,99,100,287,completed,high
female,group C,high school,standard,54,59,62,175,none,medium
female,group C,some high school,standard,63,73,68,204,none,medium
male,group B,associate's degree,standard,65,65,63,193,completed,medium
female,group B,associate's degree,standard,82,80,77,239,none,high
female,group D,high school,free/reduced,52,57,56,165,completed,medium
male,group D,associate's degree,standard,87,84,85,256,completed,high
female,group D,master's degree,standard,70,71,74,215,completed,medium
male,group E,some college,standard,84,83,78,245,completed,high
male,group D,associate's degree,standard,71,66,60,197,none,medium
male,group B,some high school,standard,63,67,67,197,completed,medium
female,group C,bachelor's degree,free/reduced,51,72,79,202,completed,medium
male,group E,high school,standard,84,73,69,226,none,high
male,group C,bachelor's degree,standard,71,74,68,213,completed,medium
male,group C,associate's degree,standard,74,73,67,214,none,medium
male,group D,some college,standard,68,59,62,189,none,medium
male,group E,high school,free/reduced,57,56,54,167,completed,medium
female,group C,associate's degree,free/reduced,82,93,93,268,completed,high
female,group D,high school,standard,57,58,64,179,completed,medium
female,group D,master's degree,free/reduced,47,58,67,172,completed,medium
female,group A,some high school,standard,59,85,80,224,completed,high
male,group B,some college,free/reduced,41,39,34,114,none,low
female,group C,some college,free/reduced,62,67,62,191,none,medium
male,group C,bachelor's degree,standard,86,83,86,255,none,high
male,group C,some high school,free/reduced,69,71,65,205,none,medium
male,group A,some high school,free/reduced,65,59,53,177,none,medium
male,group C,some high school,free/reduced,68,63,54,185,none,medium
male,group C,associate's degree,free/reduced,64,66,59,189,none,medium
female,group C,high school,standard,61,72,70,203,none,medium
male,group C,high school,standard,61,56,55,172,none,medium
female,group A,some high school,free/reduced,47,59,50,156,none,low
male,group C,some high school,standard,73,66,66,205,none,medium
male,group C,some college,free/reduced,50,48,53,151,completed,low
male,group D,associate's degree,standard,75,68,64,207,none,medium
male,group D,associate's degree,free/reduced,75,66,73,214,none,medium
male,group C,high school,standard,70,56,51,177,none,medium
male,group D,some high school,standard,89,88,82,259,completed,high
female,group C,some college,standard,67,81,79,227,completed,high
female,group D,high school,standard,78,81,80,239,none,high
female,group A,some high school,free/reduced,59,73,69,201,none,medium
female,group B,associate's degree,standard,73,83,76,232,none,high
male,group A,some high school,free/reduced,79,82,73,234,none,high
female,group C,some high school,standard,67,74,77,218,completed,medium
male,group D,some college,free/reduced,69,66,60,195,none,medium
male,group C,high school,standard,86,81,80,247,completed,high
male,group B,high school,standard,47,46,42,135,none,low
male,group B,associate's degree,standard,81,73,72,226,none,high
female,group C,some college,free/reduced,64,85,85,234,completed,high
female,group E,some college,standard,100,92,97,289,none,high
female,group C,associate's degree,free/reduced,65,77,74,216,none,medium
male,group C,some college,free/reduced,65,58,49,172,none,medium
female,group C,associate's degree,free/reduced,53,61,62,176,none,medium
male,group C,bachelor's degree,free/reduced,37,56,47,140,none,low
female,group D,bachelor's degree,standard,79,89,89,257,none,high
male,group D,associate's degree,free/reduced,53,54,48,155,none,low
female,group E,bachelor's degree,standard,100,100,100,300,none,high
male,group B,high school,standard,72,65,68,205,completed,medium
male,group C,bachelor's degree,free/reduced,53,58,55,166,none,medium
male,group B,some college,free/reduced,54,54,45,153,none,low
female,group E,some college,standard,71,70,76,217,none,medium
female,group C,some college,free/reduced,77,90,91,258,none,high
male,group A,bachelor's degree,standard,75,58,62,195,completed,medium
female,group C,some college,standard,84,87,91,262,none,high
female,group D,associate's degree,free/reduced,26,31,38,95,none,low
male,group A,high school,free/reduced,72,67,65,204,completed,medium
female,group A,high school,free/reduced,77,88,85,250,completed,high
male,group C,some college,standard,91,74,76,241,none,high
female,group C,associate's degree,standard,83,85,90,258,completed,high
female,group C,high school,standard,63,69,74,206,none,medium
female,group C,associate's degree,standard,68,86,84,238,completed,high
female,group D,some high school,standard,59,67,61,187,none,medium
female,group B,associate's degree,standard,90,90,91,271,completed,high
female,group D,bachelor's degree,standard,71,76,83,230,completed,high
male,group E,bachelor's degree,standard,76,62,66,204,completed,medium
male,group D,associate's degree,standard,80,68,72,220,none,medium
female,group D,master's degree,standard,55,64,70,189,none,medium
male,group E,associate's degree,standard,76,71,67,214,none,medium
male,group B,high school,standard,73,71,68,212,completed,medium
female,group D,associate's degree,free/reduced,52,59,56,167,none,medium
male,group C,some college,free/reduced,68,68,61,197,none,medium
male,group A,high school,standard,59,52,46,157,none,low
female,group B,associate's degree,standard,49,52,54,155,none,low
male,group C,high school,standard,70,74,71,215,none,medium
male,group D,some college,free/reduced,61,47,56,164,none,medium
female,group C,associate's degree,free/reduced,60,75,74,209,none,medium
male,group B,some high school,standard,64,53,57,174,completed,medium
male,group A,associate's degree,free/reduced,79,82,82,243,completed,high
female,group A,associate's degree,free/reduced,65,85,76,226,none,high
female,group C,associate's degree,standard,64,64,70,198,none,medium
female,group C,some college,standard,83,83,90,256,none,high
female,group C,bachelor's degree,standard,81,88,90,259,none,high
female,group B,high school,standard,54,64,68,186,none,medium
male,group D,high school,standard,68,64,66,198,completed,medium
female,group C,some college,standard,54,48,52,154,none,low
female,group D,some college,free/reduced,59,78,76,213,completed,medium
female,group B,some high school,standard,66,69,68,203,none,medium
male,group E,some college,standard,76,71,72,219,none,medium
female,group D,master's degree,standard,74,79,82,235,none,high
female,group B,associate's degree,standard,94,87,92,273,completed,high
male,group C,some college,free/reduced,63,61,54,178,none,medium
female,group E,associate's degree,standard,95,89,92,276,completed,high
female,group D,master's degree,free/reduced,40,59,54,153,none,low
female,group B,some high school,standard,82,82,80,244,none,high
male,group A,high school,standard,68,70,66,204,none,medium
male,group B,bachelor's degree,free/reduced,55,59,54,168,none,medium
male,group C,master's degree,standard,79,78,77,234,none,high
female,group C,bachelor's degree,standard,86,92,87,265,none,high
male,group D,some college,standard,76,71,73,220,none,medium
male,group A,some high school,standard,64,50,43,157,none,low
male,group D,some high school,free/reduced,62,49,52,163,none,medium
female,group B,some high school,standard,54,61,62,177,completed,medium
female,group B,master's degree,free/reduced,77,97,94,268,completed,high
female,group C,some high school,standard,76,87,85,248,completed,high
female,group D,some college,standard,74,89,84,247,none,high
female,group E,some college,standard,66,74,73,213,completed,medium
female,group D,some high school,standard,66,78,78,222,completed,high
female,group B,high school,free/reduced,67,78,79,224,completed,high
male,group D,some college,standard,71,49,52,172,none,medium
female,group C,associate's degree,standard,91,86,84,261,none,high
male,group D,bachelor's degree,standard,69,58,57,184,none,medium
male,group C,master's degree,free/reduced,54,59,50,163,none,medium
male,group C,high school,standard,53,52,49,154,completed,low
male,group E,some college,standard,68,60,59,187,none,medium
male,group C,some high school,free/reduced,56,61,60,177,completed,medium
female,group C,high school,free/reduced,36,53,43,132,none,low
female,group D,bachelor's degree,free/reduced,29,41,47,117,none,low
female,group C,associate's degree,standard,62,74,70,206,none,medium
female,group C,associate's degree,standard,68,67,73,208,completed,medium
female,group C,some high school,standard,47,54,53,154,none,low
male,group E,associate's degree,standard,62,61,58,181,completed,medium
female,group E,associate's degree,standard,79,88,94,261,completed,high
male,group B,high school,standard,73,69,68,210,completed,medium
female,group C,bachelor's degree,free/reduced,66,83,83,232,completed,high
male,group C,associate's degree,standard,51,60,58,169,completed,medium
female,group D,high school,standard,51,66,62,179,none,medium
male,group E,bachelor's degree,standard,85,66,71,222,completed,high
male,group A,associate's degree,standard,97,92,86,275,completed,high
male,group C,high school,standard,75,69,68,212,completed,medium
male,group D,associate's degree,free/reduced,79,82,80,241,completed,high
female,group C,associate's degree,standard,81,77,79,237,none,high
female,group D,associate's degree,standard,82,95,89,266,none,high
female,group D,master's degree,standard,64,63,66,193,none,medium
male,group E,some high school,free/reduced,78,83,80,241,completed,high
female,group A,some high school,standard,92,100,97,289,completed,high
male,group C,high school,standard,72,67,64,203,completed,medium
female,group C,high school,free/reduced,62,67,64,193,none,medium
male,group C,master's degree,standard,79,72,69,220,none,medium
male,group C,some high school,free/reduced,79,76,65,220,none,medium
male,group B,bachelor's degree,free/reduced,87,90,88,265,completed,high
female,group B,associate's degree,standard,40,48,50,138,none,low
male,group D,some college,free/reduced,77,62,64,203,none,medium
male,group E,associate's degree,standard,53,45,40,138,none,low
female,group C,some college,free/reduced,32,39,33,104,none,low
female,group C,associate's degree,standard,55,72,79,206,completed,medium
male,group C,master's degree,free/reduced,61,67,66,194,none,medium
female,group B,associate's degree,free/reduced,53,70,70,193,none,medium
male,group D,some high school,standard,73,66,62,201,none,medium
female,group D,some college,standard,74,75,79,228,completed,high
female,group C,some college,standard,63,74,74,211,none,medium
male,group C,bachelor's degree,standard,96,90,92,278,completed,high
female,group D,some college,free/reduced,63,80,80,223,completed,high
male,group B,bachelor's degree,free/reduced,48,51,46,145,none,low
male,group B,associate's degree,standard,48,43,45,136,none,low
female,group E,bachelor's degree,free/reduced,92,100,100,292,completed,high
female,group D,master's degree,free/reduced,61,71,78,210,completed,medium
male,group B,high school,free/reduced,63,48,47,158,none,low
male,group D,bachelor's degree,free/reduced,68,68,67,203,none,medium
male,group B,some college,standard,71,75,70,216,completed,medium
male,group A,bachelor's degree,standard,91,96,92,279,none,high
female,group C,some college,standard,53,62,56,171,none,medium
female,group C,high school,free/reduced,50,66,64,180,completed,medium
female,group E,high school,standard,74,81,71,226,none,high
male,group A,associate's degree,free/reduced,40,55,53,148,completed,low
male,group A,some college,standard,61,51,52,164,completed,medium
female,group B,high school,standard,81,91,89,261,none,high
female,group B,some college,free/reduced,48,56,58,162,completed,medium
female,group D,master's degree,standard,53,61,68,182,none,medium
female,group D,some high school,standard,81,97,96,274,none,high
female,group E,some high school,standard,77,79,80,236,none,high
female,group D,bachelor's degree,free/reduced,63,73,78,214,none,medium
female,group D,associate's degree,standard,73,75,80,228,completed,high
female,group D,some college,standard,69,77,77,223,none,high
female,group C,associate's degree,standard,65,76,76,217,none,medium
female,group A,high school,standard,55,73,73,201,none,medium
female,group C,bachelor's degree,free/reduced,44,63,62,169,none,medium
female,group C,some college,standard,54,64,65,183,none,medium
female,group A,some high school,standard,48,66,65,179,none,medium
male,group C,some college,free/reduced,58,57,54,169,none,medium
male,group A,some high school,standard,71,62,50,183,none,medium
male,group E,bachelor's degree,standard,68,68,64,200,none,medium
female,group E,high school,standard,74,76,73,223,none,high
female,group C,bachelor's degree,standard,92,100,99,291,completed,high
female,group C,bachelor's degree,standard,56,79,72,207,completed,medium
male,group B,high school,free/reduced,30,24,15,69,none,low
male,group A,some high school,standard,53,54,48,155,none,low
female,group D,high school,standard,69,77,73,219,none,medium
female,group D,some high school,standard,65,82,81,228,none,high
female,group D,master's degree,standard,54,60,63,177,none,medium
female,group C,high school,standard,29,29,30,88,none,low
female,group E,some college,standard,76,78,80,234,none,high
male,group D,high school,free/reduced,60,57,51,168,none,medium
male,group D,master's degree,free/reduced,84,89,90,263,completed,high
male,group C,some high school,standard,75,72,62,209,none,medium
female,group C,associate's degree,standard,85,84,82,251,none,high
female,group C,master's degree,free/reduced,40,58,54,152,none,low
female,group E,some college,standard,61,64,62,187,none,medium
female,group B,associate's degree,standard,58,63,65,186,none,medium
male,group D,some college,free/reduced,69,60,63,192,completed,medium
female,group C,some college,standard,58,59,66,183,none,medium
male,group C,bachelor's degree,standard,94,90,91,275,completed,high
female,group C,associate's degree,standard,65,77,74,216,none,medium
female,group A,associate's degree,standard,82,93,93,268,none,high
female,group C,high school,standard,60,68,72,200,none,medium
female,group E,bachelor's degree,standard,37,45,38,120,none,low
male,group D,bachelor's degree,standard,88,78,83,249,none,high
male,group D,master's degree,standard,95,81,84,260,none,high
male,group C,associate's degree,free/reduced,65,73,68,206,completed,medium
female,group C,high school,free/reduced,35,61,54,150,none,low
male,group B,bachelor's degree,free/reduced,62,63,56,181,none,medium
male,group C,high school,free/reduced,58,51,52,161,completed,medium
male,group A,some college,standard,100,96,86,282,completed,high
female,group E,bachelor's degree,free/reduced,61,58,62,181,none,medium
male,group D,some college,standard,100,97,99,296,completed,high
male,group B,associate's degree,free/reduced,69,70,63,202,completed,medium
male,group D,associate's degree,standard,61,48,46,155,none,low
male,group D,some college,free/reduced,49,57,46,152,none,low
female,group C,some high school,standard,44,51,55,150,completed,low
male,group D,some college,standard,67,64,70,201,none,medium
male,group B,high school,standard,79,60,65,204,none,medium
female,group B,bachelor's degree,standard,66,74,81,221,completed,high
female,group C,high school,standard,75,88,85,248,none,high
male,group D,some high school,standard,84,84,80,248,none,high
male,group A,high school,standard,71,74,64,209,none,medium
female,group B,high school,free/reduced,67,80,81,228,completed,high
female,group D,some high school,standard,80,92,88,260,completed,high
male,group E,some college,standard,86,76,74,236,none,high
female,group D,associate's degree,standard,76,74,73,223,none,high
male,group D,high school,standard,41,52,51,144,none,low
female,group D,associate's degree,free/reduced,74,88,90,252,completed,high
female,group B,some high school,free/reduced,72,81,79,232,none,high
female,group E,high school,standard,74,79,80,233,completed,high
male,group B,high school,standard,70,65,60,195,none,medium
female,group B,bachelor's degree,standard,65,81,81,227,completed,high
female,group D,associate's degree,standard,59,70,65,194,none,medium
female,group E,high school,free/reduced,64,62,68,194,none,medium
female,group B,high school,standard,50,53,55,158,none,low
female,group D,some college,standard,69,79,81,229,completed,high
male,group C,some high school,free/reduced,51,56,53,160,completed,low
female,group A,high school,standard,68,80,76,224,completed,high
female,group D,some college,standard,85,86,98,269,completed,high
female,group A,associate's degree,standard,65,70,74,209,completed,medium
female,group B,some high school,standard,73,79,79,231,none,high
female,group B,some college,standard,62,67,67,196,none,medium
male,group C,associate's degree,free/reduced,77,67,64,208,none,medium
male,group D,some high school,standard,69,66,61,196,none,medium
female,group D,associate's degree,free/reduced,43,60,58,161,none,medium
male,group D,associate's degree,standard,90,87,85,262,none,high
male,group C,some college,free/reduced,74,77,73,224,none,high
male,group C,some high school,standard,73,66,63,202,none,medium
female,group D,some college,free/reduced,55,71,69,195,none,medium
female,group C,high school,standard,65,69,67,201,none,medium
male,group D,associate's degree,standard,80,63,63,206,none,medium
female,group C,some high school,free/reduced,50,60,60,170,completed,medium
female,group C,some college,free/reduced,63,73,71,207,completed,medium
female,group B,bachelor's degree,free/reduced,77,85,87,249,none,high
male,group C,some college,standard,73,74,61,208,none,medium
male,group D,associate's degree,standard,81,72,77,230,completed,high
female,group C,high school,free/reduced,66,76,68,210,none,medium
male,group D,associate's degree,free/reduced,52,57,50,159,none,low
female,group C,some college,standard,69,78,76,223,none,low
female,group C,associate's degree,standard,65,84,84,233,completed,high
female,group D,high school,standard,69,77,78,224,completed,high
female,group B,some college,standard,50,64,66,180,completed,medium
female,group E,some college,standard,73,78,76,227,completed,high
female,group C,some high school,standard,70,82,76,228,completed,high
male,group D,associate's degree,free/reduced,81,75,78,234,none,high
male,group D,some college,free/reduced,63,61,60,184,none,medium
female,group D,high school,standard,67,72,74,213,none,medium
male,group B,high school,standard,60,68,60,188,none,medium
male,group B,high school,standard,62,55,54,171,none,medium
female,group C,some high school,free/reduced,29,40,44,113,completed,low
male,group B,some college,standard,62,66,68,196,completed,medium
female,group E,master's degree,standard,94,99,100,293,completed,high
male,group E,some college,standard,85,75,68,228,completed,high
male,group D,associate's degree,free/reduced,77,78,73,228,none,high
male,group A,high school,free/reduced,53,58,44,155,none,low
male,group E,some college,free/reduced,93,90,83,266,none,high
female,group C,associate's degree,standard,49,53,53,155,none,low
female,group E,associate's degree,free/reduced,73,76,78,227,none,high
female,group C,bachelor's degree,free/reduced,66,74,81,221,completed,high
female,group D,associate's degree,standard,77,77,73,227,none,high
female,group C,some high school,standard,49,63,56,168,none,medium
female,group D,some college,free/reduced,79,89,86,254,none,high
female,group C,associate's degree,standard,75,82,90,247,completed,high
female,group A,bachelor's degree,standard,59,72,70,201,none,medium
female,group D,associate's degree,standard,57,78,79,214,completed,medium
male,group C,high school,free/reduced,66,66,59,191,none,medium
female,group E,bachelor's degree,standard,79,81,82,242,completed,high
female,group B,some high school,standard,57,67,72,196,none,medium
male,group A,bachelor's degree,standard,87,84,87,258,completed,high
female,group D,some college,standard,63,64,67,194,none,medium
female,group B,some high school,free/reduced,59,63,64,186,completed,medium
male,group A,bachelor's degree,free/reduced,62,72,65,199,none,medium
male,group D,high school,standard,46,34,36,116,none,low
male,group C,some college,standard,66,59,52,177,none,medium
male,group D,high school,standard,89,87,79,255,none,high
female,group D,associate's degree,free/reduced,42,61,58,161,completed,medium
male,group C,some college,standard,93,84,90,267,completed,high
female,group E,some high school,standard,80,85,85,250,completed,high
female,group D,some college,standard,98,100,99,297,none,high
male,group D,master's degree,standard,81,81,84,246,none,high
female,group B,some high school,standard,60,70,74,204,completed,medium
female,group B,associate's degree,free/reduced,76,94,87,257,completed,high
male,group C,associate's degree,standard,73,78,72,223,completed,high
female,group C,associate's degree,standard,96,96,99,291,completed,high
female,group C,high school,standard,76,76,74,226,none,high
male,group E,associate's degree,free/reduced,91,73,80,244,completed,high
female,group C,some college,free/reduced,62,72,70,204,none,medium
male,group D,some high school,free/reduced,55,59,59,173,completed,medium
female,group B,some high school,free/reduced,74,90,88,252,completed,high
male,group C,high school,standard,50,48,42,140,none,low
male,group B,some college,standard,47,43,41,131,none,low
male,group E,some college,standard,81,74,71,226,completed,high
female,group E,associate's degree,standard,65,75,77,217,completed,medium
male,group E,some high school,standard,68,51,57,176,completed,medium
female,group D,high school,free/reduced,73,92,84,249,none,medium
male,group C,some college,standard,53,39,37,129,none,high
female,group B,associate's degree,free/reduced,68,77,80,225,completed,high
male,group A,some high school,free/reduced,55,46,43,144,none,low
female,group C,some college,standard,87,89,94,270,completed,high
male,group D,some high school,standard,55,47,44,146,none,low
female,group E,some college,free/reduced,53,58,57,168,none,medium
male,group C,master's degree,standard,67,57,59,183,none,medium
male,group C,associate's degree,standard,92,79,84,255,none,high
female,group B,some college,free/reduced,53,66,73,192,completed,medium
male,group D,associate's degree,standard,81,71,73,225,none,low
male,group C,high school,free/reduced,61,60,55,176,none,medium
male,group D,bachelor's degree,standard,80,73,72,225,none,high
female,group A,associate's degree,free/reduced,37,57,56,150,none,low
female,group C,high school,standard,81,84,82,247,none,high
female,group C,associate's degree,standard,59,73,72,204,completed,medium
male,group B,some college,free/reduced,55,55,47,157,none,low
male,group D,associate's degree,standard,72,79,74,225,none,high
male,group D,high school,standard,69,75,71,215,none,medium
male,group C,some college,standard,69,64,68,201,none,medium
female,group C,bachelor's degree,free/reduced,50,60,59,169,none,medium
male,group B,some college,standard,87,84,86,257,completed,high
male,group D,some high school,standard,71,69,68,208,completed,high
male,group E,some college,standard,68,72,65,205,none,medium
male,group C,master's degree,free/reduced,79,77,75,231,completed,high
female,group C,some high school,standard,77,90,85,252,completed,high
male,group C,associate's degree,free/reduced,58,55,53,166,none,medium
female,group E,associate's degree,standard,84,95,92,271,none,high
male,group D,some college,standard,55,58,52,165,none,medium
male,group E,bachelor's degree,free/reduced,70,68,72,210,completed,medium
female,group D,some college,free/reduced,52,59,65,176,completed,medium
male,group B,some college,standard,69,77,77,223,completed,high
female,group C,high school,free/reduced,53,72,64,189,none,medium
female,group D,some high school,standard,48,58,54,160,none,low
male,group D,some high school,standard,78,81,86,245,completed,high
female,group B,high school,standard,62,62,63,187,none,medium
male,group D,some college,standard,60,63,59,182,none,medium
female,group B,high school,standard,74,72,72,218,none,medium
female,group C,high school,standard,58,75,77,210,completed,medium
male,group B,high school,standard,76,62,60,198,completed,medium
female,group D,some high school,standard,68,71,75,214,none,medium
male,group A,some college,free/reduced,58,60,57,175,none,low
male,group B,high school,standard,52,48,49,149,none,low
male,group D,bachelor's degree,standard,75,73,74,222,none,high
female,group B,some high school,free/reduced,52,67,72,191,completed,medium
female,group C,bachelor's degree,free/reduced,62,78,79,219,none,medium
male,group B,some college,standard,66,65,60,191,none,medium
female,group B,some high school,free/reduced,49,58,55,162,none,medium
female,group B,high school,standard,66,72,70,208,none,medium
female,group C,some college,free/reduced,35,44,43,122,none,low
female,group A,some college,standard,72,79,82,233,completed,high
male,group E,associate's degree,standard,94,85,82,261,completed,high
female,group D,associate's degree,free/reduced,46,56,57,159,none,low
female,group B,master's degree,standard,77,90,84,251,none,high
female,group B,high school,free/reduced,76,85,82,243,completed,high
female,group C,associate's degree,standard,52,59,62,173,completed,medium
male,group C,bachelor's degree,standard,91,81,79,251,completed,high
female,group B,some high school,standard,32,51,44,127,completed,low
female,group E,some high school,free/reduced,72,79,77,228,none,high
female,group B,some college,standard,19,38,32,89,none,low
male,group C,associate's degree,free/reduced,68,65,61,194,none,medium
female,group C,master's degree,free/reduced,52,65,61,178,none,medium
female,group B,high school,standard,48,62,60,170,none,medium
female,group D,some college,free/reduced,60,66,70,196,none,medium
male,group D,high school,free/reduced,66,74,69,209,none,medium
male,group E,some high school,standard,89,84,77,250,completed,high
female,group B,high school,standard,42,52,51,145,none,low
female,group E,associate's degree,free/reduced,57,68,73,198,completed,medium
male,group D,high school,standard,70,70,70,210,none,medium
female,group E,associate's degree,free/reduced,70,84,81,235,none,high
male,group E,some college,standard,69,60,54,183,none,medium
female,group C,associate's degree,standard,52,55,57,164,none,medium
male,group C,some high school,standard,67,73,68,208,completed,medium
male,group C,some high school,standard,76,80,73,229,completed,high
female,group E,associate's degree,standard,87,94,95,276,none,high
female,group B,some college,standard,82,85,87,254,none,high
female,group C,some college,standard,73,76,78,227,none,high
male,group A,some college,free/reduced,75,81,74,230,none,high
female,group D,some college,free/reduced,64,74,75,213,none,medium
female,group E,high school,free/reduced,41,45,40,126,none,low
male,group C,high school,standard,90,75,69,234,none,high
male,group B,bachelor's degree,standard,59,54,51,164,none,high
male,group A,some high school,standard,51,31,36,118,none,low
male,group A,high school,free/reduced,45,47,49,141,none,low
female,group C,master's degree,standard,54,64,67,185,completed,medium
male,group E,some high school,standard,87,84,76,247,completed,high
female,group C,high school,standard,72,80,83,235,none,high
male,group B,some high school,standard,94,86,87,267,completed,high
female,group A,bachelor's degree,standard,45,59,64,168,none,medium
male,group D,bachelor's degree,free/reduced,61,70,76,207,completed,medium
female,group B,high school,free/reduced,60,72,68,200,none,medium
female,group C,some high school,standard,77,91,88,256,none,high
female,group A,some high school,standard,85,90,92,267,completed,high
female,group D,bachelor's degree,free/reduced,78,90,93,261,none,high
male,group E,some college,free/reduced,49,52,51,152,completed,low
female,group B,high school,free/reduced,71,87,82,240,none,high
female,group C,some high school,free/reduced,48,58,52,158,none,low
male,group C,high school,standard,62,67,58,187,none,medium
female,group C,associate's degree,free/reduced,56,68,70,194,completed,medium
female,group C,some high school,standard,65,69,76,210,none,medium
female,group D,some high school,free/reduced,69,86,81,236,completed,high
male,group B,some high school,standard,68,54,53,175,none,medium
female,group A,some college,free/reduced,61,60,57,178,none,medium
female,group C,bachelor's degree,free/reduced,74,86,89,249,completed,high
male,group A,bachelor's degree,standard,64,60,58,182,none,medium
female,group B,high school,standard,77,82,89,248,completed,high
male,group B,some college,standard,58,50,45,153,none,low
female,group C,high school,standard,60,64,74,198,completed,medium
male,group E,high school,standard,73,64,57,194,none,medium
female,group A,high school,standard,75,82,79,236,completed,high
male,group B,associate's degree,free/reduced,58,57,53,168,completed,medium
female,group C,associate's degree,standard,66,77,73,216,none,medium
female,group D,high school,free/reduced,39,52,46,137,none,low
male,group C,some high school,standard,64,58,51,173,none,medium
female,group B,high school,free/reduced,23,44,36,103,completed,low
male,group B,some college,free/reduced,74,77,76,227,completed,high
female,group D,some high school,free/reduced,40,65,64,169,completed,high
male,group E,master's degree,standard,90,85,84,259,none,low
male,group C,master's degree,standard,91,85,85,261,completed,high
male,group D,high school,standard,64,54,50,168,none,medium
female,group C,high school,standard,59,72,68,199,none,medium
male,group D,associate's degree,standard,80,75,69,224,none,high
male,group C,master's degree,standard,71,67,67,205,none,medium
female,group A,high school,standard,61,68,63,192,none,medium
female,group E,some college,standard,87,85,93,265,none,high
male,group E,some high school,standard,82,67,61,210,none,medium
male,group C,some high school,standard,62,64,55,181,none,medium
female,group B,bachelor's degree,standard,97,97,96,290,none,high
male,group B,some college,free/reduced,75,68,65,208,none,medium
female,group C,bachelor's degree,standard,65,79,81,225,none,high
male,group B,high school,standard,52,49,46,147,completed,low
male,group C,associate's degree,free/reduced,87,73,72,232,none,high
female,group C,associate's degree,standard,53,62,53,168,none,medium
female,group E,master's degree,free/reduced,81,86,87,254,none,high
male,group D,bachelor's degree,free/reduced,39,42,38,119,completed,low
female,group C,some college,standard,71,71,80,222,completed,high
male,group C,associate's degree,standard,97,93,91,281,none,high
male,group D,some college,standard,82,82,88,252,completed,high
male,group C,high school,free/reduced,59,53,52,164,none,medium
male,group B,associate's degree,standard,61,42,41,144,none,low
male,group E,associate's degree,free/reduced,78,74,72,224,completed,high
male,group C,associate's degree,free/reduced,49,51,51,151,none,low
male,group B,high school,standard,59,58,47,164,none,medium
female,group C,some college,standard,70,72,76,218,completed,medium
male,group B,associate's degree,standard,82,84,78,244,completed,high
male,group E,associate's degree,free/reduced,90,90,82,262,none,high
female,group C,bachelor's degree,free/reduced,43,62,61,166,none,medium
male,group C,some college,free/reduced,80,64,66,210,none,medium
male,group D,some college,standard,81,82,84,247,none,high
male,group C,some high school,standard,57,61,54,172,none,medium
female,group D,some high school,standard,59,72,80,211,none,medium
female,group D,associate's degree,standard,64,76,74,214,none,medium
male,group C,bachelor's degree,standard,63,64,66,193,completed,medium
female,group E,bachelor's degree,standard,71,70,70,211,completed,medium
female,group B,high school,free/reduced,64,73,71,208,none,medium
male,group D,bachelor's degree,free/reduced,55,46,44,145,none,low
female,group E,associate's degree,standard,51,51,54,156,none,low
female,group C,associate's degree,standard,62,76,80,218,completed,medium
female,group E,associate's degree,standard,93,100,95,288,completed,high
male,group C,high school,free/reduced,54,72,59,185,none,medium
female,group D,some college,free/reduced,69,65,74,208,none,medium
male,group D,high school,free/reduced,44,51,48,143,none,low
female,group E,some college,standard,86,85,91,262,completed,high
female,group E,associate's degree,standard,85,92,85,262,none,high
female,group A,master's degree,free/reduced,50,67,73,190,none,low
male,group D,some high school,standard,88,74,75,237,completed,high
female,group E,associate's degree,standard,59,62,69,190,none,medium
female,group E,some high school,free/reduced,32,34,38,104,none,low
male,group B,high school,free/reduced,36,29,27,92,none,low
female,group B,some high school,free/reduced,63,78,79,220,completed,medium
male,group D,associate's degree,standard,67,54,63,184,completed,medium
female,group D,some high school,standard,65,78,82,225,completed,high
male,group D,master's degree,standard,85,84,89,258,none,high
female,group C,master's degree,standard,73,78,74,225,none,high
female,group A,high school,free/reduced,34,48,41,123,completed,low
female,group D,bachelor's degree,free/reduced,93,100,100,293,completed,high
female,group D,some high school,free/reduced,67,84,84,235,none,high
male,group D,some college,standard,88,77,77,242,none,high
male,group B,high school,standard,57,48,51,156,none,low
female,group D,some college,standard,79,84,91,254,completed,high
female,group C,bachelor's degree,free/reduced,67,75,72,214,none,medium
male,group E,bachelor's degree,standard,70,64,70,204,completed,medium
male,group D,bachelor's degree,free/reduced,50,42,48,140,none,low
female,group A,some college,standard,69,84,82,235,none,high
female,group C,bachelor's degree,standard,52,61,66,179,completed,medium
female,group C,bachelor's degree,free/reduced,47,62,66,175,completed,medium
female,group B,associate's degree,free/reduced,46,61,55,162,none,medium
female,group E,some college,standard,68,70,66,204,none,low
male,group E,bachelor's degree,standard,100,100,100,300,completed,high
female,group C,high school,standard,44,61,52,157,none,low
female,group C,associate's degree,standard,57,77,80,214,completed,medium
male,group B,some college,standard,91,96,91,278,completed,high
male,group D,high school,free/reduced,69,70,67,206,none,medium
female,group C,high school,free/reduced,35,53,46,134,none,low
male,group D,high school,standard,72,66,66,204,none,medium
female,group B,associate's degree,free/reduced,54,65,65,184,none,medium
male,group D,high school,free/reduced,74,70,69,213,none,medium
male,group E,some high school,standard,74,64,60,198,completed,medium
male,group E,associate's degree,free/reduced,64,56,52,172,none,medium
female,group D,high school,free/reduced,65,61,71,197,completed,medium
male,group E,associate's degree,free/reduced,46,43,44,133,completed,low
female,group C,some high school,free/reduced,48,56,51,155,none,low
male,group C,some college,free/reduced,67,74,70,211,completed,medium
male,group D,some college,free/reduced,62,57,62,181,none,medium
male,group D,associate's degree,free/reduced,61,71,73,205,completed,medium
male,group C,bachelor's degree,free/reduced,70,75,74,219,completed,high
male,group C,associate's degree,standard,98,87,90,275,completed,high
male,group D,some college,free/reduced,70,63,58,191,none,medium
male,group A,associate's degree,standard,67,57,53,177,none,medium
female,group E,high school,free/reduced,57,58,57,172,none,medium
male,group D,some college,standard,85,81,85,251,completed,high
male,group D,some high school,standard,77,68,69,214,completed,medium
male,group C,master's degree,free/reduced,72,66,72,210,completed,medium
female,group D,master's degree,standard,78,91,96,265,none,high
male,group C,high school,standard,81,66,64,211,none,medium
male,group A,some high school,free/reduced,61,62,61,184,completed,medium
female,group B,high school,standard,58,68,61,187,none,medium
female,group C,associate's degree,standard,54,61,58,173,none,medium
male,group B,high school,standard,82,82,80,244,none,high
female,group D,some college,free/reduced,49,58,60,167,none,medium
male,group B,some high school,free/reduced,49,50,52,151,completed,low
female,group E,high school,free/reduced,57,75,73,205,completed,medium
male,group E,high school,standard,94,73,71,238,none,high
female,group D,some college,standard,75,77,83,235,completed,high
female,group E,some high school,free/reduced,74,74,72,220,none,medium
male,group C,high school,standard,58,52,54,164,completed,medium
female,group C,some college,standard,62,69,69,200,none,medium
male,group E,associate's degree,standard,72,57,62,191,none,medium
male,group C,some college,standard,84,87,81,252,none,high
female,group D,master's degree,standard,92,100,100,292,none,high
female,group D,high school,standard,45,63,59,167,none,medium
male,group C,high school,standard,75,81,71,227,none,high
female,group A,some college,standard,56,58,64,178,none,medium
female,group D,some high school,free/reduced,48,54,53,155,none,low
female,group E,associate's degree,standard,100,100,100,300,none,high
female,group C,some high school,free/reduced,65,76,75,216,completed,medium
male,group D,some college,standard,72,57,58,187,none,medium
female,group D,some college,standard,62,70,72,204,none,medium
male,group A,some high school,standard,66,68,64,198,completed,medium
male,group C,some college,standard,63,63,60,186,none,medium
female,group E,associate's degree,standard,68,76,67,211,none,medium
female,group B,bachelor's degree,standard,75,84,80,239,none,high
female,group D,bachelor's degree,standard,89,100,100,289,none,high
male,group C,some high school,standard,78,72,69,219,completed,medium
female,group A,high school,free/reduced,53,50,60,163,completed,medium
female,group D,some college,free/reduced,49,65,61,175,none,medium
female,group A,some college,standard,54,63,67,184,none,medium
female,group C,some college,standard,64,82,77,223,completed,high
male,group B,some college,free/reduced,60,62,60,182,completed,medium
male,group C,associate's degree,standard,62,65,58,185,none,medium
male,group D,high school,standard,55,41,48,144,completed,low
female,group C,associate's degree,standard,91,95,94,280,none,high
female,group B,high school,free/reduced,8,24,23,55,none,low
male,group D,some high school,standard,81,78,78,237,none,high
male,group B,some high school,standard,79,85,86,250,completed,high
female,group A,some college,standard,78,87,91,256,completed,high
female,group C,some high school,standard,74,75,82,231,none,high
male,group A,high school,standard,57,51,54,162,none,medium
female,group C,associate's degree,standard,40,59,51,150,none,low
male,group E,some high school,standard,81,75,76,232,completed,high
female,group A,some high school,free/reduced,44,45,45,134,none,low
female,group D,some college,free/reduced,67,86,83,236,completed,high
male,group E,high school,free/reduced,86,81,75,242,completed,high
female,group B,some high school,standard,65,82,78,225,completed,high
female,group D,associate's degree,free/reduced,55,76,76,207,none,medium
female,group D,bachelor's degree,free/reduced,62,72,74,208,none,medium
male,group A,high school,standard,63,63,62,188,none,medium
female,group E,master's degree,standard,88,99,95,282,completed,high
male,group C,high school,free/reduced,62,55,55,172,none,medium
female,group C,high school,free/reduced,59,71,65,195,completed,medium
female,group D,some college,standard,68,78,77,223,completed,high
female,group D,some college,free/reduced,77,86,86,249,none,high
